area,period,underfloor_buildings,abovefloor_buildings,source,notes
中延2丁目,平成元年-令和2年3月,21,30,品川区町丁別浸水実績一覧,区への報告と現地調査に基づく町丁目単位の累計
中延3丁目,平成元年-令和2年3月,13,23,品川区町丁別浸水実績一覧,区への報告と現地調査に基づく町丁目単位の累計
中延4丁目,平成元年-令和2年3月,6,3,品川区町丁別浸水実績一覧,区への報告と現地調査に基づく町丁目単位の累計
中延5丁目,平成元年-令和2年3月,92,75,品川区町丁別浸水実績一覧,区への報告と現地調査に基づく町丁目単位の累計
中延6丁目,平成元年-令和2年3月,119,99,品川区町丁別浸水実績一覧,区への報告と現地調査に基づく町丁目単位の累計
二葉1丁目,平成元年-令和2年3月,120,47,品川区町丁別浸水実績一覧,区への報告と現地調査に基づく町丁目単位の累計
二葉2丁目,平成元年-令和2年3月,52,81,品川区町丁別浸水実績一覧,区への報告と現地調査に基づく町丁目単位の累計
二葉3丁目,平成元年-令和2年3月,60,99,品川区町丁別浸水実績一覧,区への報告と現地調査に基づく町丁目単位の累計
二葉4丁目,平成元年-令和2年3月,11,27,品川区町丁別浸水実績一覧,区への報告と現地調査に基づく町丁目単位の累計
